{"accuracy": [0.7070631980895996, 0.9854923486709595, 0.9999374747276306, 1.0, 1.0], "loss": [0.978159487247467, 0.12317625433206558, 0.0239123422652483, 0.010466384701430798, 0.006330816075205803], "val_accuracy": [0.9452014565467834, 1.0, 1.0, 1.0, 1.0], "val_loss": [0.2903980314731598, 0.029668159782886505, 0.00965864583849907, 0.0048987711779773235, 0.0029980940744280815]}