{"accuracy": [0.6925554275512695, 0.9822092652320862, 0.9999061822891235, 1.0, 1.0, 1.0, 1.0, 1.0, 1.0, 1.0], "loss": [1.004343032836914, 0.1379295140504837, 0.02645435370504856, 0.011857155710458755, 0.006852391641587019, 0.004595689009875059, 0.0033304328098893166, 0.0025762850418686867, 0.0020296445582062006, 0.001644111005589366], "val_accuracy": [0.9425920844078064, 1.0, 1.0, 1.0, 1.0, 1.0, 1.0, 1.0, 1.0, 1.0], "val_loss": [0.31399986147880554, 0.033624015748500824, 0.010928782634437084, 0.0054745725356042385, 0.003356382017955184, 0.0022752692457288504, 0.00164446618873626, 0.0012461604783311486, 0.000978697557002306, 0.0007866842206567526]}