{"accuracy": [0.707594633102417, 0.9841166734695435, 1.0, 1.0, 1.0, 1.0, 1.0, 1.0, 1.0, 1.0], "loss": [0.9768121838569641, 0.1259060651063919, 0.024434976279735565, 0.010841695591807365, 0.006431409623473883, 0.004277024883776903, 0.003078239504247904, 0.002388849388808012, 0.0019109533168375492, 0.001526178210042417], "val_accuracy": [0.944911539554596, 1.0, 1.0, 1.0, 1.0, 1.0, 1.0, 1.0, 1.0, 1.0], "val_loss": [0.29429179430007935, 0.030621154233813286, 0.009750019758939743, 0.004951260983943939, 0.0030182995833456516, 0.0020523197017610073, 0.00148836150765419, 0.0011279369937255979, 0.0008863236871547997, 0.000715685251634568]}