{"accuracy": [0.7096583247184753, 0.9857110977172852, 0.9999062418937683, 1.0, 1.0, 1.0, 1.0, 1.0, 1.0, 1.0], "loss": [0.9617229700088501, 0.12114211916923523, 0.024709925055503845, 0.011238327249884605, 0.006644980516284704, 0.004589610267430544, 0.0033519144635647535, 0.0025923913344740868, 0.0020261805038899183, 0.0016579878283664584], "val_accuracy": [0.9467960000038147, 1.0, 1.0, 1.0, 1.0, 1.0, 1.0, 1.0, 1.0, 1.0], "val_loss": [0.2790031433105469, 0.029837263748049736, 0.010001974180340767, 0.0051989248022437096, 0.0032366360537707806, 0.0022186003625392914, 0.0016188087174668908, 0.0012273888569325209, 0.0009681264637038112, 0.0007807418587617576]}