{"accuracy": [0.7031551003456116, 0.9831785559654236, 1.0, 1.0, 1.0, 1.0, 1.0, 1.0, 1.0, 1.0], "loss": [0.9837378859519958, 0.12904024124145508, 0.024443641304969788, 0.010850833728909492, 0.0063687278889119625, 0.0042913868092000484, 0.0031089044641703367, 0.0023437878116965294, 0.0018782841507345438, 0.0015101972967386246], "val_accuracy": [0.9414322972297668, 1.0, 1.0, 1.0, 1.0, 1.0, 1.0, 1.0, 1.0, 1.0], "val_loss": [0.2985168397426605, 0.03092789277434349, 0.009917836636304855, 0.004992240108549595, 0.003051005769520998, 0.0020671619568020105, 0.0014968834584578872, 0.001138544175773859, 0.0008948520408011973, 0.0007254556403495371]}