{"accuracy": [0.6914923787117004, 0.9824594259262085, 0.9999374151229858, 1.0, 1.0], "loss": [1.0050716400146484, 0.13858595490455627, 0.026714444160461426, 0.011662288568913937, 0.006848829798400402], "val_accuracy": [0.9450564384460449, 1.0, 1.0, 1.0, 1.0], "val_loss": [0.31641265749931335, 0.033662065863609314, 0.01082397997379303, 0.0054492466151714325, 0.0033343436662107706]}